RSID,CHROMOSOME,POSITION,RESULT
"rs75030207","14","752566","CC"
"rs113993960","17","752686","GG"
"rs334","10","753034","AA"
"rs76173977","7","753378","CC"
"rs5030858","5","753736","CC"
"rs76763715","9","754222","AA"
"rs28940279","5","754594","AG"
"rs1800499","3","754852","CC"
"rs74315350","18","755302","CC"
"rs76151636","11","755453","TT"
"rs77931234","7","755865","GG"
"rs7755898","17","756247","GG"
"rs61752717","18","756480","CC"
"rs1800562","13","756587","GG"
"rs121907950","22","757050","CC"
"rs28933981","16","757470","TT"
"rs137852986","11","757740","TT"
"rs121908053","7","758200","AA"
"rs111033171","5","758590","CC"
"rs76917243","3","758968","GG"
"rs28934574","16","759231","CC"
"rs121909211","10","759386","GG"
"rs28940871","11","759847","CC"
"rs28934895","20","760223","TT"
"rs121913530","15","760603","CC"
"rs28933690","13","760749","CC"
"rs121909229","10","761011","GG"
"rs121912706","6","761205","GG"
"rs121913059","22","761321","CC"
"rs121913326","3","761554","GG"
"rs121908009","5","762001","TT"
"rs28936381","18","762120","CC"
"rs121907990","17","762569","GG"
"rs121912617","8","762810","CC"
"rs28940580","19","763020","AA"
"rs121909548","15","763334","GG"
"rs121909547","12","763686","CC"
"rs121909258","4","763828","AA"
"rs121918258","11","764177","GG"
"rs121908067","9","764374","GG"
"rs121908066","12","764533","CC"
"rs121908065","2","764720","GG"
"rs121908064","8","764871","TT"
"rs28934269","21","764994","CC"
"rs121909217","3","765367","GG"
"rs121909218","7","765480","CC"
"rs121909216","4","765890","GG"
"rs28934576","4","766190","CC"
"rs121908054","7","766308","TT"
"rs121909215","16","766502","AA"
"rs121909214","2","766709","GG"
"rs121909192","14","767156","CC"
"rs11549407","9","767573","GG"
"rs41474145","21","767708","CC"
"rs121964987","6","767962","GG"
"rs121434369","2","768093","CC"
"rs121965024","13","768498","CC"
"rs120074135","16","768700","GG"
"rs28936415","22","769091","CC"
"rs121908752","22","769295","GA"
"rs121434578","11","769476","CC"
"rs121907953","20","769847","GG"
"rs121918270","1","770173","GG"
"rs1050828","19","770514","CC"
"rs121964993","13","770874","AG"
"rs121909311","18","771310","CC"
"rs121908089","3","771763","CC"
"rs80338939","18","772034","CC"
"rs121907959","16","772277","GG"
"rs28904921","22","772557","CC"
"rs28942078","21","772840","CC"
"rs121918353","10","773257","CC"
"rs121434242","21","773555","GG"
"rs121918327","7","773696","CC"
"rs121917905","8","774153","GG"
"rs121909586","13","774367","CC"
"rs4148323","19","774830","GG"
"rs121912690","19","775142","CC"
"rs717620","2","775456","CC"
"rs121918233","9","775640","GG"
"rs121912482","17","776099","CC"
"rs137852769","1","776448","AG"
"rs121918304","10","776567","CC"
"rs28940868","14","776906","GG"
"rs121964956","21","777102","CC"
"rs137852378","5","777244","GG"
"rs137852368","22","777351","CC"
"rs121912734","7","777664","GG"
"rs121964962","1","777771","CC"
"rs121918172","4","778216","GG"
"rs121965025","21","778413","CC"
"rs121918311","9","778614","GG"
"rs121918007","13","779066","CT"
"rs121908622","9","779487","GG"
"rs121918201","4","779818","CC"
"rs121912514","17","780049","GG"
"rs121918347","4","780482","CC"
"rs121909265","1","780661","GG"
"rs121907933","22","780782","CC"
"rs121918174","12","781014","GG"
"rs121918175","20","781404","CT"
"rs121918178","21","781839","GG"
"rs121918180","12","782173","CC"
"rs121918287","13","782548","GG"
"rs28931614","5","782948","CC"
"rs121908336","11","783125","GG"
"rs121918202","11","783413","CC"
"rs121912660","2","783912","GG"
"rs121913178","19","784150","CC"
"rs121918166","18","784398","GG"
"rs121918254","16","784564","CC"
"rs121918273","2","785038","GG"
"rs121909583","17","785295","CC"
"rs121918396","13","785768","GG"
"rs121913462","4","786036","CC"
"rs121918271","16","786186","GG"
"rs121907971","11","786528","CC"
"rs121918267","16","786691","GG"
"rs121918381","11","787009","CC"
"rs121918364","5","787485","GG"
"rs121964988","13","787670","CC"
"rs104893877","3","788097","GG"
"rs121909647","2","788298","CC"
"rs121908688","13","788595","GG"
"rs121913071","15","788979","CC"
"rs121913256","22","789329","GG"
"rs121913257","12","789540","CC"
"rs121434579","6","789752","GA"
"rs6471","4","790072","CC"
"rs121909305","1","790204","GG"
"rs121908107","22","790573","CC"
"rs28929474","13","790776","CC"
"rs17580","2","791007","AA"
"rs121918291","4","791217","GG"
"rs121964990","12","791418","CC"
"rs121964960","4","791797","GG"
"rs121918379","13","792202","CT"
"rs121918397","17","792628","CC"
"rs121964955","11","792981","GG"
"rs28934601","7","793336","TC"
"rs121964957","8","793713","GG"
"rs121918592","11","793817","CC"
"rs121909006","5","794081","GG"
"rs116928232","5","794312","CC"
"rs121908485","16","794606","GG"
"rs121918316","17","794739","CC"
"rs121918358","5","794859","GG"
"rs121434246","15","794979","CC"
"rs121918329","5","795248","GG"
"rs121918284","12","795683","CC"
"rs121909317","17","796041","GG"
"rs121918352","3","796398","CC"
"rs121909429","17","796845","GG"
"rs121909412","3","797333","CC"
"rs121909298","7","797815","GG"
"rs121918227","20","798063","CC"
"rs121907968","16","798376","GG"
"rs121907972","8","798674","CC"
"rs121907921","1","798784","GG"
"rs121918330","17","799263","CC"
"rs121918373","3","799654","GG"
"rs121918318","10","800006","CC"
"rs121918319","13","800501","GG"
"rs121907985","5","800632","CC"
"rs121918269","11","800854","GG"
"rs121918288","5","800982","CT"
"rs121434226","20","801333","GG"
"rs121918391","5","801800","CC"
"rs121918356","20","802080","GG"
"rs121434243","2","802418","CC"
"rs121918357","5","802569","GG"
"rs137854473","20","802679","CC"
"rs121909653","4","802846","GG"
"rs121912960","12","803304","CC"
"rs121912961","16","803503","GG"
"rs587776842","20","803659","CC"
"rs72658163","21","804117","GG"
"rs72658164","22","804389","CC"
"rs72658165","5","804854","GG"
"rs72658166","22","805152","CC"
"rs121913482","7","805314","GG"
"rs28931615","15","805433","CC"
"rs121913483","15","805723","GG"
"rs121909659","3","806005","CC"
"rs121912892","9","806127","GA"
"rs121912893","19","806240","TC"
"rs121918470","21","806450","GG"
"rs121912894","17","806949","CC"
"rs121912895","4","807264","GG"
"rs121912896","19","807438","CC"
"rs121912897","14","807754","AG"
"rs121908119","5","807886","CC"
"rs121909660","14","808361","AG"
"rs121909661","16","808812","CC"
"rs121909662","3","809078","GG"
"rs121908784","12","809358","CC"
"rs28931616","12","809812","GG"
"rs121909663","8","810003","CC"
"rs121918471","5","810290","GG"
"rs121434247","22","810496","CC"
"rs587776843","4","810940","GG"
"rs121918472","12","811422","CC"
"rs121918473","20","811875","GG"
"rs121918474","6","812094","CC"
"rs121918475","12","812426","GG"
"rs121918477","7","812888","GA"
"rs121918478","10","813173","CC"
"rs121918479","21","813424","AG"
"rs121918480","3","813691","CC"
"rs121918481","10","813843","GG"
"rs121912858","5","814023","CC"
"rs121912859","11","814187","GG"
"rs121918482","6","814547","CC"
"rs121918483","22","814796","GG"
"rs121909664","20","814919","CC"
"rs121908120","3","815029","GG"
"rs104894845","18","815196","CC"
"rs104894846","5","815509","GG"
"rs28935490","21","815911","CC"
"rs28935491","15","816192","GG"
"rs199476128","17","816615","TT"
"rs199476129","1","816744","AA"
"rs199476130","15","817057","GA"
"rs199476131","16","817261","CC"
"rs199476132","9","817407","AG"
"rs199476133","5","817564","CC"
"rs199476134","13","818023","GG"
"rs137852618","14","818217","CC"
"rs113994188","15","818406","CC"
"rs113994189","15","818680","CG"
"rs113994190","16","819103","GG"
"rs104894396","1","819589","CC"
"rs113994191","15","820046","CC"
"rs104894397","4","820149","GG"
"rs121909193","20","820642","CT"
"rs104894398","16","820821","CC"
"rs104894399","8","820968","CC"
"rs104894400","9","821346","GG"
"rs104894401","22","821769","CT"
"rs121908670","13","821889","GG"
"rs104894403","13","822258","AA"
"rs128624240","9","822585","CC"
"rs104894404","22","822866","GG"
"rs104894405","2","823066","CC"
"rs121918392","10","823202","GG"
"rs104894406","17","823575","AA"
"rs104894407","6","823802","CC"
"rs104894408","10","823936","GG"
"rs104894409","19","824180","CC"
"rs104894410","18","824547","AA"
"rs104894411","21","824700","GG"
"rs113994192","9","825078","CC"
"rs113994193","19","825327","CC"
"rs113994194","4","825748","CC"
"rs113994195","13","826204","CC"
"rs113994196","18","826606","CC"
"rs104894412","21","827048","CC"
"rs113994197","7","827390","CC"
"rs113994198","17","827734","CC"
"rs137852747","2","827996","GG"
"rs104894413","16","828323","CC"
"rs104894414","7","828449","GG"
"rs104894415","13","828562","CC"
"rs104894416","3","828667","GG"
"rs104894417","22","829118","CC"
"rs104894418","12","829597","AG"
"rs104894419","1","829718","GG"
"rs104894420","10","829956","CC"
"rs104894421","19","830428","AG"
"rs120074175","14","830675","CC"
"rs199472709","13","831010","GG"
"rs199473048","21","831196","AA"
"rs137854600","15","831647","CC"
"rs121918467","11","832109","GG"
"rs121918049","6","832275","CC"
"rs121913626","13","832602","AA"
"rs397516083","13","832920","CC"
"rs57045816","7","833393","GG"
"rs397517389","2","833717","TC"
"rs121908026","21","834015","CC"
"rs5742904","12","834158","GG"
"rs505151","22","834287","AA"
"rs121918268","10","834475","GG"
"rs28942074","17","834888","CC"
"rs121909261","12","835372","GG"
"rs6025","21","835682","GG"
"rs1799963","21","836138","GG"
"rs121918157","19","836518","TC"
"rs121918090","16","836850","GG"
"rs121909556","2","837060","CC"
"rs137852346","12","837182","CC"
"rs137852343","1","837283","GG"
"rs41276738","14","837454","CC"
"rs121918245","20","837902","GG"
"rs121918247","8","838205","GG"
"rs121918250","20","838537","GG"
"rs5918","3","838689","CC"
"rs121909544","15","838952","GG"
"rs104894395","17","839218","CC"
"rs28929475","3","839340","GG"
"rs104894492","12","839547","CC"
"rs104894682","9","839743","GG"
"rs104894372","10","840187","CC"
"rs121908999","13","840446","GG"
"rs104894684","8","840676","CC"
"rs121918556","18","840798","GG"
"rs121918461","16","840935","CC"
"rs121918464","14","841405","GG"
"rs116785847","4","841757","CC"
"rs5030868","4","841900","GG"
"rs121912713","7","842391","CC"
"rs137852681","14","842716","GG"
"rs137852559","13","843102","CC"
"rs104893978","8","843222","GA"
"rs121909304","9","843387","CC"
"rs121909306","14","843667","GG"
"rs121909307","10","843821","CC"
"rs28942111","7","844233","GG"
"rs104895097","15","844697","CC"
"rs104895098","18","845060","GG"
"rs104895099","8","845484","CC"
"rs104895100","4","845592","GG"
"rs104895101","8","845780","CC"
"rs104895102","22","845991","GG"
"rs104895103","17","846094","CC"
"rs104895104","4","846413","GG"
"rs104895105","4","846709","CC"
"rs104895106","8","847186","GG"
"rs104895107","18","847631","CC"
"rs104895108","8","848069","GG"
"rs104895109","22","848202","CC"
"rs104895110","21","848469","GG"
"rs104895111","6","848814","CC"
"rs104895112","18","848984","GG"
"rs104895113","19","849342","CC"
"rs104895114","5","849767","GG"
"rs104895115","6","850069","CC"
"rs104895116","7","850430","GA"
"rs104895117","7","850930","CT"
"rs104895118","8","851150","GG"
"rs104895119","20","851639","CC"
"rs104895120","16","852041","GG"
"rs104895121","1","852196","CC"
"rs104895122","16","852565","GG"
"rs104895123","8","852898","CC"
"rs104895124","22","853282","GG"
"rs104895125","16","853635","CC"
"rs104895126","3","854014","GG"
"rs104895127","13","854246","CC"
"rs104895128","11","854706","GG"
"rs104895129","2","854955","CC"
"rs104895130","8","855161","GG"
"rs104895131","22","855436","CC"
"rs104895132","8","855907","GG"
"rs104895133","6","856140","CC"
"rs104895134","19","856396","GG"
"rs104895135","21","856772","CC"
"rs104895136","16","856949","GG"
"rs104895137","8","857370","CC"
"rs104895138","21","857493","GG"
"rs104895139","2","857760","CC"
"rs104895140","7","858036","GA"
"rs104895141","12","858365","CC"
"rs104895142","11","858624","GG"
"rs104895143","13","859096","TC"
"rs104895144","9","859200","GG"
"rs104895145","22","859573","CC"
"rs104895146","2","860033","GG"
"rs80356771","13","860422","CT"
"rs104894050","5","860609","TT"
"rs80358255","17","861027","GG"
"rs104894791","3","861502","CC"
"rs121908167","6","861770","AA"
"rs80338943","6","861996","TC"
"rs121434580","22","862476","GG"
"rs104893674","3","862863","TT"
"rs121908168","20","863181","TG"
"rs121908790","5","863602","AA"
"rs121434581","9","864016","GG"
"rs121918590","13","864290","TT"
"rs5030849","2","864403","GG"
"rs121964998","10","864757","CC"
"rs80356773","8","865200","AA"
"rs104894058","13","865559","CC"
"rs80338944","16","865831","CC"
"rs121964999","17","866132","AA"
"rs80356774","2","866379","TT"
"rs80338945","18","866874","GG"
"rs104894059","13","867108","GT"
"rs121908791","12","867577","AA"
"rs121965001","9","867930","CC"
"rs104894060","22","868408","AG"
"rs121908793","10","868805","TT"
"rs104894061","17","869256","GG"
"rs121908794","9","869620","CC"
"rs121908795","11","869826","CC"
"rs80338947","18","870050","AA"
"rs77931235","6","870498","AA"
"rs104894063","1","870676","CC"
"rs121908796","19","871075","GG"
"rs121908797","21","871254","GA"
"rs80338949","13","871504","AA"
"rs104894065","6","871911","GG"
"rs121908798","19","872011","CC"
"rs80356779","11","872133","TT"
"rs80338950","22","872237","GA"
"rs104894066","20","872676","CC"
"rs121908799","14","872872","AA"
"rs80356780","6","873114","TC"
"rs80338951","6","873246","GG"
"rs80356781","17","873642","CC"
"rs104894068","20","874065","AA"
"rs121908801","9","874361","CC"
"rs80356782","14","874620","GG"
"rs80356783","9","875118","GA"
"rs80338954","11","875493","CC"
"rs104894070","14","875768","TT"
"rs121908803","17","875940","AA"
"rs80356784","19","876119","CC"
"rs80338955","2","876415","GG"
"rs104894071","8","876802","GC"
"rs121908804","6","876910","TT"
"rs80356785","12","877358","GG"
"rs80338956","1","877779","AA"
"rs104894072","19","878253","CC"
"rs80338957","14","878476","TT"
"rs104894073","8","878615","GG"
"rs80338958","17","879095","CC"
"rs104894074","7","879555","CC"
"rs121908807","3","879739","GG"
"rs80356788","9","880057","TT"
"rs80338959","12","880286","GG"
"rs121908808","10","880698","CC"
"rs80356789","9","880813","GG"
"rs80338960","13","881016","TT"
"rs104894076","21","881339","CC"
"rs121908809","2","881783","AA"
"rs80356790","19","882181","CC"
"rs80338961","9","882345","AA"
"rs80356791","13","882612","CC"
"rs121908811","3","882954","AG"
"rs3892097","12","883343","GG"
"rs5030655","4","883445","CC"
"rs16947","2","883888","GG"
"rs1065852","1","884149","TC"
"rs28371706","5","884410","CC"
"rs59421388","14","884901","AA"
"rs72549353","5","885344","GG"
"rs28371725","17","885650","CC"
"rs1135840","5","885780","GG"
"rs5030656","2","886126","GG"
"rs4244285","2","886599","GG"
"rs4986893","21","886983","GG"
"rs12248560","19","887281","CT"
"rs72552267","6","887423","GG"
"rs55752064","9","887658","CC"
"rs17884712","9","887925","GG"
"rs56337013","15","888425","CC"
"rs41291556","15","888604","CC"
"rs72558186","21","888986","TT"
"rs3758581","17","889385","AA"
"rs1799853","11","889502","CC"
"rs1057910","15","889638","AA"
"rs28371686","15","890050","CC"
"rs9332131","11","890417","GG"
"rs28371685","18","890852","GG"
"rs56165452","17","890981","CC"
"rs7900194","3","891256","CC"
"rs2256871","12","891409","GG"
"rs776746","13","891800","AA"
"rs10264272","21","892162","GG"
"rs41303343","1","892322","CC"
"rs55817950","1","892515","TT"
"rs28383479","7","892787","AA"
"rs3918290","2","892909","GG"
"rs55886062","13","893366","CC"
"rs67376798","6","893492","TT"
"rs75017182","14","893775","GC"
"rs1801265","20","893902","GG"
"rs2297595","22","894319","CC"
"rs1801159","15","894577","CC"
"rs56038477","15","894888","GG"
"rs1800462","13","895123","CC"
"rs1800460","4","895255","CC"
"rs1142345","6","895368","AA"
"rs12201199","21","895674","CC"
"rs56161402","18","895780","CC"
"rs72552740","16","896261","CC"
"rs8175347","2","896604","GG"
"rs4124874","9","896978","TT"
"rs4148211","4","897092","GG"
"rs10929302","4","897233","GG"
"rs887829","17","897574","CT"
"rs9923231","2","897994","GG"
"rs9934438","6","898094","CC"
"rs7294","6","898474","CC"
"rs2359612","6","898663","CC"
"rs61742245","20","899090","GG"
"rs4149056","21","899358","TC"
"rs2306283","8","899805","AA"
"rs4149015","11","900028","GG"
"rs11045819","6","900215","AC"
"rs4363657","19","900530","TT"
"rs2291075","1","900700","CC"
"rs1801280","13","900883","TC"
"rs1799930","5","901350","GG"
"rs1799931","11","901459","GG"
"rs1208","2","901820","AA"
"rs1041983","5","902317","TC"
"rs1495741","13","902815","GG"
"rs1799929","19","902928","CC"
"rs2395029","8","903379","TT"
"rs3909184","7","903549","GG"
"rs1061235","5","903922","GG"
"rs2844682","12","904230","CC"
"rs1264457","14","904379","GG"
"rs2523822","8","904604","CC"
"rs9277535","16","904906","AA"
"rs3134792","9","905209","GA"
"rs1071630","12","905450","TT"
"rs2647087","20","905827","GG"
"rs4680","8","906326","GG"
"rs4986790","11","906567","AA"
"rs1800497","2","906867","GA"
"rs6277","1","907040","CC"
"rs1045642","13","907533","CC"
"rs2032582","20","907854","TG"
"rs1128503","11","908190","CC"
"rs4291","19","908532","TT"
"rs5186","4","908777","AA"
"rs4149117","21","909065","TT"
"rs4846051","21","909348","AA"
"rs1801133","7","909713","CC"
"rs1801131","19","909944","AA"
"rs1695","21","910210","AA"
"rs3740066","14","910331","CC"
"rs886205","9","910448","CC"
"rs2231142","12","910740","CC"
"rs1051266","20","910908","GG"
"rs7412","14","911190","CC"
"rs429358","3","911585","TT"
"rs80357906","22","912013","CC"
"rs80357711","18","912152","GG"
"rs80358032","6","912623","AA"
"rs80358981","8","912801","GG"
"rs80359065","16","912916","CC"
"rs80359550","20","913198","TT"
"rs63750447","11","913674","GG"
"rs63751710","14","914124","CC"
"rs63750117","6","914619","AA"
"rs63749789","11","914894","TT"
"rs63750264","13","915266","AA"
"rs63751124","10","915744","CC"
"rs121912651","13","915964","GG"
"rs28934578","16","916241","CC"
"rs121912654","14","916602","GG"
"rs121913300","22","916910","CC"
"rs121913301","19","917088","GG"
"rs121913302","17","917492","CC"
"rs121913303","21","917646","AA"
"rs121913304","21","918103","TT"
"rs28940883","20","918511","CT"
"rs28940884","2","918697","GG"
"rs74799832","12","918802","AA"
"rs74799833","4","919271","CC"
"rs75991261","19","919717","CC"
"rs75991262","16","920173","GG"
"rs587782044","6","920670","GG"
"rs587782045","3","921057","CC"
"rs587780070","6","921556","CC"
"rs587780071","6","921669","GG"
"rs17879961","22","922033","GG"
"rs555607708","22","922239","AA"
"rs152451","19","922546","CC"
"rs515726126","15","922714","GA"
"rs56009889","13","923103","GG"
"rs28904919","13","923247","CC"
"rs786201005","15","923518","CC"
"rs587781351","4","923638","AA"
"rs36053993","16","923875","GG"
"rs34612342","16","924257","GG"
"rs587782863","18","924492","CC"
"rs587782864","20","924778","GG"
"rs1042522","3","924951","GG"
"rs267607209","14","925295","GG"
"rs74315384","16","925679","CC"
"rs74315385","10","925896","GG"
"rs28934575","4","926068","CC"
"rs45517395","2","926238","GG"
"rs45517396","18","926678","CC"
"rs104894091","13","926879","CC"
"rs104894092","20","927264","GG"
"rs11540652","4","927615","GG"
"rs11540653","11","927957","CC"
"rs863225279","8","928106","GG"
"rs863225280","10","928322","AA"
"rs121913279","16","928562","CC"
"rs121913280","11","928843","AG"
"rs587776651","19","928989","CC"
"rs74315386","12","929305","GG"
"rs74315387","5","929600","GG"
"rs74315388","7","929818","TT"
"rs587776890","22","930298","CC"
"rs587776891","13","930798","GG"
"rs587782865","4","931211","AA"
"rs587782866","16","931516","CC"
"rs587782867","12","931733","GG"
"rs587782868","12","932156","CT"
"rs587782869","10","932461","GG"
"rs587782870","10","932614","CC"
"rs587782871","12","932775","AA"
"rs587782872","11","932999","CC"
"rs587782873","22","933354","GG"
"rs587782874","15","933650","CT"
"rs587782875","8","934039","GG"
"rs587782876","10","934484","CC"
"rs587782877","17","934833","TT"
"rs587782878","16","935283","TT"
"rs587782879","8","935545","AA"
"rs587782880","2","935865","TC"
"rs587782881","7","936173","GG"
"rs587782882","4","936644","AA"
"rs587782883","12","936836","GG"
"rs587782884","2","936950","TT"
"rs587782885","1","937054","TT"
"rs587782886","20","937220","CC"
"rs587782887","15","937630","TC"
"rs587782888","17","937831","AA"
"rs587782889","3","938249","AA"
"rs587782890","8","938623","TT"
"rs587782891","1","938839","GA"
"rs587782892","2","939162","CC"
"rs587782893","12","939577","AG"
"rs587782894","11","940037","CC"
"rs587782895","5","940483","CC"
"rs587782896","9","940888","GG"
"rs587782897","9","941040","TT"
"rs587782898","20","941152","AA"
"rs587782899","13","941647","CC"
"rs587782900","22","941853","GG"
"rs397507444","17","942116","GG"
"rs397507445","4","942472","CC"
"rs397507446","15","942926","CT"
"rs375882485","18","943266","CC"
"rs375882486","9","943539","AA"
"rs727504290","17","943832","GG"
"rs727504291","8","944103","CC"
"rs727504292","16","944435","AA"
"rs727504293","1","944931","CA"
"rs267607610","15","945313","CC"
"rs267607611","9","945527","GG"
"rs483352832","8","945871","CC"
"rs483352833","21","946196","AA"
"rs199473164","5","946544","GG"
"rs199473165","7","946911","CC"
"rs199473166","4","947164","GA"
"rs199473167","2","947294","CC"
"rs199473168","6","947565","GG"
"rs199473169","7","948057","AG"
"rs199473170","6","948367","CC"
"rs199473171","11","948667","GG"
"rs199473172","17","949156","TT"
"rs199473174","6","949352","GG"
"rs199473176","20","949717","TC"
"rs199473178","21","950115","CC"
"rs199473179","22","950567","CC"
"rs199473180","2","950959","AG"
"rs5742906","20","951183","GG"
"rs11591147","7","951445","GG"
"rs28942082","5","951545","TT"
"rs137853249","22","951769","GG"
"rs137853250","22","952181","AA"
"rs137853251","17","952336","CC"
"rs137853252","10","952653","AG"
"rs137853253","22","953102","TT"
"rs137853256","18","953300","GG"
"rs137853257","13","953582","AA"
"rs137853258","15","953906","CT"
"rs137853259","4","954040","GG"
"rs137853260","13","954524","CC"
"rs137853261","7","954861","AA"
"rs137853262","1","955149","CC"
"rs137853263","14","955456","CC"
"rs137853264","14","955855","GG"
"rs137853265","1","956231","AA"
"rs137853266","21","956673","CC"
"rs137853267","18","957023","GG"
"rs137853268","20","957398","CC"
"rs137853269","1","957872","AA"
"rs137853270","12","958076","GG"
"rs137853271","1","958335","CC"
"rs137853272","20","958827","AA"
"rs137853273","17","958941","GG"
"rs137853274","9","959229","CC"
"rs137853275","9","959385","AA"
"rs137853276","17","959597","CC"
"rs137853277","19","959870","GG"
"rs137853278","11","960105","TC"
"rs137853279","16","960525","GG"
"rs137853280","14","960657","TC"
"rs137853281","1","960920","AA"
"rs137853282","22","961079","AA"
"rs137853283","1","961247","TT"
"rs137853284","8","961407","CC"
"rs137853285","9","961523","GG"
"rs137853286","10","961819","AA"
"rs137853287","21","962110","TT"
"rs137853288","18","962307","GG"
"rs137853289","17","962684","CC"
"rs137853290","16","963066","AA"
"rs137853291","9","963177","TT"
"rs137853292","4","963446","GG"
"rs137853293","3","963860","CC"
"rs137853294","17","964088","GG"
"rs137853295","19","964226","AA"
"rs137853296","17","964391","CC"
"rs137853297","4","964891","GG"
"rs137853298","7","965276","CC"
"rs137853299","8","965466","TT"
"rs137853300","15","965770","GG"
"rs587782901","12","966048","TT"
"rs137853301","7","966428","CC"
"rs137853302","5","966766","GG"
"rs137853303","1","967007","AA"
"rs137853304","11","967149","CC"
"rs137853305","11","967406","GG"
"rs137853306","1","967523","TT"
"rs137853308","6","967772","AA"
"rs137853309","7","968236","CC"
"rs137853310","15","968598","CC"
"rs137853311","18","968743","AA"
"rs137853312","19","969052","TT"
"rs137853313","8","969389","GA"
"rs137853314","10","969810","AA"
"rs78402538","1","969926","TT"
"rs74825361","3","970352","AA"
"rs80357461","18","970790","TT"
"rs74941058","8","971224","GA"
"rs80356892","9","971678","CC"
"rs74912905","13","972083","AA"
"rs80357827","8","972397","TT"
"rs72554350","18","972626","TG"
"rs72554351","4","972976","AA"
"rs80358257","17","973292","GG"
"rs74827305","16","973418","TT"
"rs80356893","3","973714","CC"
"rs80358260","6","973971","GG"
"rs74293085","12","974136","CA"
"rs75193827","17","974505","AA"
"rs74315468","9","974731","TT"
"rs74102936","2","975037","GG"
"rs80358259","17","975221","GG"
"rs74918206","5","975503","CC"
"rs75830298","5","975716","AA"
"rs80357828","9","975911","TT"
"rs74392918","8","976289","GG"
"rs74625081","6","976758","TT"
"rs80358262","5","976982","AA"
"rs74830291","8","977379","CC"
"rs80357462","1","977747","AG"
"rs74628105","7","978216","CC"
"rs61748419","13","978347","GG"
"rs80357464","13","978705","CC"
"rs74815092","4","979078","GG"
"rs80358266","18","979242","AA"
"rs74628201","3","979347","TT"
"rs74729518","13","979452","TC"
"rs80358268","14","979782","TT"
"rs74628305","9","980058","AA"
"rs80356907","6","980529","GG"
"rs74912310","7","980929","CC"
"rs74815205","2","981052","CC"
"rs80356911","15","981413","AA"
"rs74729621","22","981640","GG"
"rs80357468","17","981808","TT"
"rs74293295","5","982056","AA"
"rs80356913","12","982335","CC"
"rs74628515","9","982587","GG"
"rs80358272","7","982755","TT"
"rs74815308","16","983166","GG"
"rs80356915","16","983420","AA"
"rs74912415","11","983671","AC"
"rs80357470","20","983949","TT"
"rs74293400","13","984243","CC"
"rs80356917","10","984699","AA"
"rs74628620","19","985144","TT"
"rs80358274","7","985364","GG"
"rs74815411","17","985599","CC"
"rs80356919","17","985770","TT"
"rs74729724","17","986257","AG"
"rs80357472","11","986688","AA"
"rs74293505","15","986920","CC"
"rs80356921","7","987353","AA"
"rs80357474","3","987584","CC"
"rs74293610","4","987693","TT"
"rs74628830","7","987924","TC"
"rs80358278","22","988118","AA"
"rs74815617","9","988402","TT"
"rs80356927","22","988506","AA"
"rs74729827","6","988614","CC"
"rs80357476","16","988872","GT"
"rs74293715","12","989350","AA"
"rs74295080","4","989494","CC"
"rs74830395","6","989952","CC"
"rs74815720","9","990059","AA"
"rs80356931","13","990339","CC"
"rs74729930","6","990539","GG"
"rs80357478","20","990893","TT"
"rs74293820","19","991295","GG"
"rs80356935","1","991716","GA"
"rs74730033","20","991843","GG"
"rs80357480","21","991959","CC"
"rs74293925","14","992128","TT"
"rs80356937","21","992386","AA"
"rs74628145","2","992802","CC"
"rs80358284","22","993075","TA"
"rs74815926","16","993557","GG"
"rs80356939","21","993968","AG"
"rs74730136","6","994107","CC"
"rs80357482","18","994262","GG"
"rs74294030","15","994727","TT"
"rs80356941","20","995042","CC"
"rs74628250","22","995356","AA"
"rs80358286","4","995792","TT"
"rs74816029","6","996191","CC"
"rs80356943","4","996673","TC"
"rs74730239","9","997123","GG"
"rs80357484","21","997364","CC"
"rs74294135","18","997646","AA"
"rs80356945","20","997784","GG"
"rs74628355","4","997891","TA"
"rs80358288","16","998199","GG"
"rs74816132","5","998312","CC"
"rs80356947","21","998455","CC"
"rs74730342","8","998851","AA"
"rs80357486","1","998975","TT"
"rs74294240","13","999099","CC"
"rs80356949","10","999266","GG"
"rs74628460","18","999574","CC"
"rs80358290","15","999702","TT"
"rs74816235","5","1000079","AA"
"rs74730445","6","1000508","GG"
"rs80357488","10","1000653","CC"
"rs74816338","13","1000890","GG"
"rs80356955","21","1001340","CC"
"rs74730548","3","1001466","GG"
"rs80357490","5","1001571","AA"
"rs74294450","17","1002066","TT"
"rs80356957","11","1002234","GA"
"rs74628670","11","1002337","CC"
"rs74816441","3","1002511","GG"
"rs74730651","9","1002655","AA"
"rs80357492","16","1002985","CC"
"rs74294555","3","1003325","TT"
"rs80356961","13","1003466","AA"
"rs80358296","16","1003963","GG"
"rs74816544","3","1004345","TT"
"rs80356963","13","1004557","CC"
"rs74730754","3","1004918","GG"
"rs80357494","13","1005091","AA"
"rs74294660","22","1005521","GG"
"rs80356965","19","1005655","CC"
"rs74628880","22","1005909","AA"
"rs80358298","19","1006381","TT"
"rs74816647","20","1006644","GG"
"rs74730857","8","1006982","CC"
"rs80357496","13","1007479","TT"
"rs74294765","17","1007979","GA"
"rs80356969","3","1008082","AA"
"rs74628985","14","1008425","CC"
"rs80358300","18","1008917","TT"
"rs74816750","4","1009029","GG"
"rs80356971","2","1009149","TT"
"rs74730960","9","1009436","AA"
"rs80357498","14","1009784","CC"
"rs74294870","8","1009884","TT"
"rs80356973","12","1010319","AA"
"rs74629090","6","1010768","GG"
"rs80358302","16","1010890","CC"
"rs74816853","6","1011259","CC"
"rs80356975","22","1011556","TT"
"rs74731063","1","1011953","AA"
"rs80357500","20","1012415","AA"
"rs74294975","22","1012822","GG"
"rs80356977","11","1013010","TT"
"rs74629195","14","1013406","AA"
"rs74295185","21","1013796","TT"
"rs28937900","13","1013969","CC"
"rs121912283","10","1014190","GG"
"rs121912285","8","1014413","CC"
"rs587776550","12","1014787","AA"
"rs121912750","11","1015120","TT"
"rs72553887","11","1015539","GG"
"rs72553888","9","1015763","CC"
"rs121912751","20","1016144","AA"
"rs587783270","15","1016302","TT"
"rs137854474","6","1016647","GG"
"rs121918230","8","1017054","TT"
"rs121918232","18","1017517","AA"
"rs67878974","9","1017871","GT"
"rs67878975","14","1018233","CC"
"rs67878976","2","1018494","TT"
"rs67878977","6","1018692","GA"
"rs143076644","9","1019077","CC"
"rs387907163","16","1019433","GG"
"rs387907164","22","1019747","TT"
"rs387907165","13","1020227","TA"
"rs387907166","4","1020354","CC"
"rs121912886","6","1020484","GG"
"rs121912887","18","1020974","CC"
"rs121912888","14","1021298","AA"
"rs150587071","22","1021644","CC"
"rs150587072","21","1021789","GG"
"rs121909146","1","1021935","TT"
"rs387907170","11","1022372","TT"
"rs387907171","4","1022847","CC"
"rs387907172","2","1023235","GG"
"rs121913543","10","1023383","GG"
"rs121912280","13","1023529","AA"
"rs587776551","19","1023992","GG"
"rs137854476","7","1024404","AA"
"rs137854477","6","1024646","CC"
"rs121918234","8","1025048","CT"
"rs121918236","10","1025280","TT"
"rs387907173","9","1025454","AA"
"rs267607175","22","1025658","TT"
"rs267607176","19","1025966","GT"
"rs121912890","22","1026074","AA"
"rs121912891","9","1026419","GG"
"rs587776553","20","1026560","CC"
"rs587776554","20","1027013","CC"
"rs267607178","5","1027490","TT"
"rs587776555","22","1027696","TT"
"rs121909148","5","1027797","GG"
"rs387907175","17","1028145","CC"
"rs387907176","15","1028408","GA"
"rs121912752","15","1028670","CC"
"rs267607180","9","1028888","TG"
"rs267607181","4","1029333","TT"
"rs267607182","12","1029612","GG"
"rs587776557","10","1029987","CC"
"rs121912753","13","1030198","AA"
"rs267607184","4","1030331","AA"
"rs587776559","5","1030733","GA"
"rs267607186","15","1031199","CC"
"rs6467","18","1031372","AA"
"rs6468","6","1031571","CC"
"rs6469","15","1032049","TT"
"rs121909798","2","1032316","GG"
"rs121909800","13","1032592","AA"
"rs121909802","18","1033068","CC"
"rs121908870","18","1033232","TT"
"rs121908872","2","1033623","GG"
"rs121908874","17","1033879","CC"
"rs121908876","14","1034368","AA"
"rs121908878","13","1034575","TT"
"rs121908880","13","1034719","GG"
"rs137853236","15","1034881","GG"
"rs137853238","2","1035364","CC"
"rs137853240","4","1035567","TT"
"rs121908261","3","1035973","AA"
"rs121908263","7","1036353","TT"
"rs121908265","7","1036564","CC"
"rs121908267","20","1036715","CC"
"rs121918501","17","1036914","TT"
"rs121918503","20","1037341","AA"
"rs121918505","9","1037643","CC"
"rs121909709","21","1038087","GG"
"rs121909711","1","1038509","TT"
"rs121909713","7","1038788","GG"
"rs121909016","7","1039247","AA"
"rs121909018","22","1039572","TT"
"rs121908882","5","1039780","AA"
"rs121908884","3","1040001","CC"
"rs121908886","21","1040410","AA"
"rs121908888","22","1040658","GG"
"rs9332969","22","1041123","CC"
"rs9332971","16","1041268","GG"
"rs9282858","21","1041557","TT"
"rs104894820","5","1041702","CC"
"rs104894822","1","1042011","AG"
"rs121908890","17","1042359","CC"
"rs121909715","22","1042783","AA"
"rs121909717","11","1042957","TT"
"rs137853242","3","1043220","CC"
"rs137853244","7","1043504","TC"
"rs121909020","14","1043755","GG"
"rs121908892","13","1044188","AA"
"rs121909719","15","1044490","GG"
"rs267607190","22","1044629","AA"
"rs267607192","20","1044808","GG"
"rs121908898","19","1045158","TT"
"rs121908900","14","1045334","AA"
"rs121909721","4","1045569","CC"
"rs267607194","18","1045749","TT"
"rs267607196","10","1046065","GC"
"rs267607198","3","1046549","AA"
"rs121908902","4","1046998","TT"
"rs137852953","17","1047149","CC"
"rs137852955","22","1047270","GG"
"rs121918509","9","1047671","CC"
"rs121918511","18","1048148","GG"
"rs121918513","21","1048440","TT"
"rs121918515","19","1048602","CC"
"rs104886039","6","1049074","GG"
"rs104886041","21","1049428","CC"
"rs104886043","5","1049652","AA"
"rs104886045","5","1050113","AA"
"rs121908395","19","1050539","TG"
"rs121908397","4","1050956","CC"
"rs121908399","20","1051199","TT"
"rs121908401","9","1051538","AA"
"rs121908409","2","1051934","AA"
"rs121908411","15","1052396","CC"
"rs121908413","9","1052526","GG"
"rs121908415","1","1052952","AA"
"rs121908417","7","1053203","GG"
"rs104894843","5","1053700","GG"
"rs104894844","7","1053926","CC"
"rs121908419","1","1054257","CC"
"rs121908421","19","1054748","GG"
"rs121908423","5","1055113","TT"
"rs121908425","19","1055576","AA"
"rs121908427","13","1056011","AA"
"rs121908429","15","1056213","GG"
"rs121908431","8","1056645","CC"
"rs121908433","10","1057076","TT"
"rs121908435","15","1057219","CC"
"rs121908437","21","1057332","GG"
"rs137852959","10","1057661","AA"
"rs121908439","14","1058022","GG"
"rs121908441","19","1058361","AA"
"rs121908443","6","1058841","CC"
"rs121908445","13","1058944","GG"
"rs121908447","16","1059406","TT"
"rs104886047","13","1059747","TT"
"rs121908449","9","1059914","AA"
"rs121908451","7","1060102","CC"
"rs121908453","4","1060375","TT"
"rs121908455","10","1060811","AA"
"rs121908457","7","1061076","GG"
"rs121908459","5","1061345","TT"
"rs121908461","12","1061773","AA"
"rs121908463","16","1062262","CC"
"rs121908465","12","1062588","GG"
"rs121908467","14","1062906","GG"
"rs121908469","3","1063192","AA"
"rs121908471","5","1063577","CC"
"rs121908473","17","1063726","TT"
"rs121908475","16","1064184","AA"
"rs121908477","4","1064405","GG"
"rs121908479","10","1064720","TT"
"rs121908481","9","1065127","TT"
"rs267607188","22","1065496","TT"
"rs587776561","5","1065943","AA"
"rs267607189","11","1066043","GG"
"rs587776563","8","1066374","CC"
"rs267607200","19","1066665","CC"
"rs267607202","6","1067001","GG"
"rs267607204","4","1067331","TT"
"rs267607206","7","1067433","AA"
"rs267607208","17","1067692","AA"
"rs267607210","3","1068190","CC"
"rs267607212","10","1068342","TT"
"rs267607214","4","1068821","GG"
"rs121908483","6","1069271","CC"
"rs121908486","6","1069455","GG"
"rs121908489","19","1069780","AA"
"rs121908491","1","1069893","TT"
"rs28931770","3","1070055","CC"
"rs121913105","7","1070477","GG"
"rs121912165","8","1070708","CC"
"rs121912166","17","1071045","AA"
"rs121912167","6","1071431","GG"
"rs121912168","1","1071748","CC"
"rs104893785","20","1072149","GG"
"rs104893786","17","1072368","AA"
"rs121908311","15","1072628","TT"
"rs137853220","9","1073109","GG"
"rs137853221","6","1073385","CC"
"rs28931772","15","1073580","TT"
"rs121912440","12","1073845","CC"
"rs104893682","10","1074187","TT"
"rs104893683","4","1074632","AA"
"rs104893684","6","1074967","CC"
"rs104893685","20","1075168","CC"
"rs121913102","2","1075437","CC"
"rs104893812","15","1075788","AA"
"rs121913465","7","1076113","CC"
"rs121913466","16","1076503","TT"
"rs121918628","17","1076670","GG"
"rs104893787","18","1077125","AA"
"rs121912300","7","1077432","TT"
"rs121912301","18","1077572","CC"
"rs121912302","11","1077916","AA"
"rs121908430","10","1078394","AG"
"rs121912783","14","1078885","GG"
"rs104894559","10","1079214","TT"
"rs104894560","13","1079346","CT"
"rs80338835","21","1079775","AA"
"rs80338836","8","1080231","GG"
"rs80338837","13","1080475","TT"
"rs121918629","14","1080858","CC"
"rs121918630","16","1081283","CC"
"rs121918631","14","1081461","TT"
"rs121918632","19","1081763","GG"
"rs121918633","16","1082232","AA"
"rs121918634","14","1082612","AA"
"rs121918635","6","1083011","TT"
"rs121918636","15","1083288","CC"
"rs121918637","22","1083613","CC"
"rs121918638","1","1083829","TA"
"rs121918639","6","1084248","CC"
"rs121918640","4","1084602","CC"
"rs121918641","21","1084792","AC"
"rs121918642","17","1084983","TT"
"rs121918643","14","1085430","CC"
"rs121918644","15","1085621","GG"
"rs121918645","16","1085880","AC"
"rs104893913","4","1086060","GG"
"rs104893914","10","1086498","TT"
"rs104893915","10","1086973","CC"
"rs104893916","9","1087273","AA"
"rs104893917","3","1087542","TT"
"rs104893918","10","1087672","GG"
"rs104893919","10","1087884","AT"
"rs111033597","3","1088264","CT"
"rs111033598","3","1088581","GG"
"rs111033600","10","1088869","AA"
"rs1800554","20","1088998","CC"
"rs62636319","20","1089120","TT"
"rs62636320","3","1089306","GG"
"rs62636321","18","1089705","AA"
"rs62636322","3","1089874","CC"
"rs104893920","22","1090337","CC"
"rs104893921","4","1090496","AA"
"rs104893922","4","1090845","TT"
"rs104893923","15","1091187","GG"
"rs121918500","6","1091543","CC"
"rs121918601","12","1091919","AA"
"rs121918502","17","1092392","TT"
"rs121918603","17","1092558","CC"
"rs80338700","18","1092675","CC"
"rs80338701","13","1092902","GG"
"rs80338702","11","1093192","TT"
"rs121908881","18","1093579","CC"
"rs104893925","3","1093879","CT"
"rs104893926","12","1094057","AA"
"rs104893929","12","1094533","GG"
"rs104893930","1","1094891","AA"
"rs104893931","22","1094991","AA"
"rs104893932","5","1095445","CC"
"rs121918504","16","1095640","GG"
"rs121918605","5","1096116","TT"
"rs121918506","2","1096357","GC"
"rs121918607","11","1096545","AT"
"rs121918508","16","1096747","GC"
"rs121918609","11","1096921","TT"
"rs121918510","20","1097118","AA"
"rs121918611","12","1097561","CC"
"rs121918512","9","1097865","GG"
"rs121918613","12","1098361","TA"
"rs121918514","8","1098477","CC"
"rs121918615","14","1098778","AA"
"rs121918516","6","1099152","TT"
"rs121918517","9","1099386","GG"
"rs121918518","11","1099856","CC"
"rs121918519","22","1100288","AA"
"rs121918520","6","1100524","TT"
"rs121918521","17","1100753","GG"
"rs121918522","16","1101177","CC"
"rs121918523","20","1101379","TT"
"rs121918524","10","1101782","AA"
"rs121918525","9","1102237","GG"
"rs121918526","20","1102339","CC"
"rs121918527","13","1102520","TT"
"rs121918528","7","1102739","AA"
"rs121918529","7","1102855","GG"
"rs121918530","22","1103187","AA"
"rs121909669","11","1103517","CC"
"rs121909670","1","1103794","AA"
"rs121909671","16","1104108","GG"
"rs121909672","21","1104324","TT"
"rs121909673","21","1104807","AA"
"rs121909674","1","1105104","CC"
"rs121909675","7","1105545","TT"
"rs121909676","14","1105959","GG"
"rs121909677","5","1106446","GG"
"rs121909678","15","1106893","AA"
"rs121909679","7","1107370","CC"
"rs121909680","6","1107599","CC"
"rs121918550","6","1107990","TT"
"rs121918551","13","1108140","GA"
"rs121918552","21","1108371","TT"
"rs121918553","14","1108686","CC"
"rs121918554","9","1109037","AA"
"rs121918555","9","1109446","TT"
"rs137853344","20","1109915","GG"
"rs137853245","21","1110278","CC"
"rs137853246","9","1110641","AC"
"rs137853247","14","1111115","CC"
"rs75039782","1","1111584","GG"
"rs121908745","9","1111896","CC"
"rs121908746","1","1112360","AA"
"rs121908747","13","1112712","GG"
"rs121908748","16","1113085","CC"
"rs121908749","16","1113453","AA"
"rs121908750","19","1113849","TT"
"rs35705950","12","1114335","GG"
"rs121913624","3","1114542","CC"
"rs121913625","20","1114754","GG"
"rs12913832","15","1115086","AG"
"rs1800407","15","1115235","CT"
"rs12896399","14","1115613","GT"
"rs1805007","16","1115947","CC"
"rs1805008","16","1116061","CC"
"rs12821256","12","1116431","CT"
"rs12203592","6","1116919","CT"
"rs3827760","2","1117032","CC"
"rs1426654","15","1117299","GG"
"rs16891982","5","1117653","CC"
"rs1805005","16","1117833","GT"
"rs1042725","12","1118179","TT"
"rs6060373","20","1118380","AA"
"rs713598","7","1118657","GG"
"rs1726866","7","1118778","CT"
"rs10246939","7","1119094","CT"
"rs4988235","2","1119350","CC"
"rs671","12","1119551","AA"
"rs17822931","16","1119936","CC"
"rs4680","22","1120357","GA"
"rs7495174","15","1120794","AA"
"rs1799971","6","1120898","AG"
"rs53576","3","1121382","AG"
"rs6152","X","1121695","AA"
"rs1800497","11","1122064","CC"
"rs2228479","16","1122186","GG"
"rs7294919","12","1122513","TT"
"rs9939609","16","1122689","TT"
"rs762551","15","1123049","CC"
"rs72921001","11","1123362","CA"
"rs4481887","1","1123822","GG"
"rs10427255","2","1124043","CT"
"rs823160","3","1124250","GG"
"rs11684042","1","1124631","CC"
"rs2073963","4","1124784","GA"
"rs1288775","5","1125231","AA"
"rs12927162","2","1125333","GA"
"rs73598374","20","1125724","GG"
"rs6269","22","1125956","AA"
"rs2937573","5","1126080","GA"
"rs35874116","1","1126516","TT"
"rs12780242","2","1126715","TT"
"rs2651899","2","1127102","CT"
"rs56126437","2","1127205","CT"
"rs6437091","6","1127321","CC"
"rs3057","12","1127514","AA"
"rs199512","15","1127851","CC"
"rs9536314","13","1128193","GG"
"rs1345417","3","1128592","AG"
"rs2282679","4","1129028","AA"
"rs7903146","10","1129206","CC"
"rs2802292","6","1129667","GG"
"rs1800588","16","1130050","CC"
"rs4911414","6","1130156","TT"
"rs1800888","14","1130574","CT"
"rs12722","9","1130777","TT"
"rs307355","1","1131242","AA"
"rs16969968","15","1131665","GA"
"rs11803731","1","1132089","AA"
"rs601338","19","1132572","GA"
"rs41423247","5","1133064","CG"
"rs10195570","2","1133433","TC"
"rs1800566","16","1133631","CT"
"rs1835740","8","1133812","CT"
"rs12946454","3","1133939","CC"
"rs6313","13","1134045","CC"
"rs3132572","6","1134527","GA"
"rs660339","11","1134697","TT"
"rs6025","1","1134896","TT"
"rs2576037","18","1135307","CC"
"rs8192678","4","1135462","GG"
"rs2187668","6","1135869","TT"
"rs1049353","6","1136334","AA"
"rs1805009","16","1136601","CC"
"rs4410790","7","1136872","TT"
"rs6625163","7","1137349","AA"
"rs1229984","4","1137788","TC"
"rs7142862","4","1137891","AA"
"rs7744813","7","1138297","CC"
"rs4239","15","1138630","TG"
"rs2390","17","1138872","CT"
"rs5829","21","1139130","TC"
"rs9225","8","1139571","AT"
"rs1247","8","1139871","GT"
"rs9769","20","1140328","TG"
"rs1575","14","1140604","CA"
"rs4168","7","1140979","CA"
"rs9506","6","1141232","GA"
"rs5068","5","1141352","TG"
"rs6105","22","1141711","GC"
"rs6411","14","1142190","AA"
"rs4460","18","1142575","CT"
"rs8550","19","1142852","TT"
"rs4936","22","1143186","GC"
"rs4734","18","1143657","GT"
"rs9552","6","1143873","GA"
"rs1697","6","1144139","AA"
"rs6781","2","1144356","AA"
"rs1748","3","1144846","AG"
"rs9301","6","1145016","TC"
"rs7081","8","1145482","GT"
"rs2157","17","1145617","TG"
"rs4687","18","1145924","AC"
"rs5143","17","1146269","CT"
"rs5996","21","1146409","GG"
"rs1977","11","1146520","TA"
"rs2026","14","1146670","TC"
"rs2997","6","1146812","AG"
"rs4157","12","1147228","AT"
"rs6364","2","1147414","CC"
"rs4142","18","1147682","GG"
"rs9617","8","1148153","GG"
"rs6218","9","1148541","CA"
"rs1614","10","1148653","AG"
"rs2699","20","1148813","GC"
"rs2693","6","1149059","GT"
"rs4722","7","1149533","CC"
"rs6167","5","1149845","TA"
"rs9430","17","1150329","CC"
"rs3465","9","1150820","TC"
"rs9781","14","1151233","GC"
"rs7920","10","1151724","TT"
"rs3715","21","1152008","AC"
"rs4888","3","1152340","AA"
"rs9941","19","1152667","TG"
"rs2395","12","1153157","CC"
"rs5465","5","1153605","TT"
"rs5446","7","1153891","TT"
"rs6900","14","1154086","AA"
"rs8836","16","1154423","TT"
"rs2088","17","1154568","CA"
"rs6501","19","1154909","TG"
"rs5827","19","1155368","GA"
"rs2624","20","1155616","TC"
"rs5719","11","1156112","AG"
"rs6115","17","1156294","TA"
"rs9624","2","1156684","AG"
"rs7349","10","1156908","CC"
"rs4143","13","1157059","CT"
"rs1115","17","1157559","GA"
"rs5246","15","1157835","GA"
"rs5082","1","1158126","CG"
"rs5862","15","1158619","AA"
"rs5765","13","1158891","GG"
"rs5160","13","1159350","GA"
"rs5995","15","1159798","GT"
"rs1235","2","1160283","AA"
"rs4763","16","1160477","AA"
"rs5251","21","1160745","CT"
"rs8389","17","1160894","CT"
"rs1882","1","1161359","AC"
"rs9882","2","1161784","TC"
"rs8147","19","1162275","CA"
"rs1096","2","1162716","CG"
"rs7033","3","1163110","GA"
"rs6592","10","1163375","TC"
"rs3547","9","1163795","CA"
"rs8406","1","1164008","AA"
"rs7611","21","1164110","TT"
"rs4792","20","1164568","AA"
"rs2368","20","1164693","CT"
"rs9090","17","1164963","CC"
"rs5948","22","1165387","GA"
"rs6619","18","1165503","CA"
"rs1825","9","1165772","TC"
"rs2774","5","1166142","AC"
"rs8542","6","1166409","GA"
"rs6864","21","1166737","TC"
"rs7371","13","1167047","TG"
"rs5788","8","1167231","GT"
"rs2892","3","1167334","CA"
"rs2047","21","1167652","AC"
"rs3553","1","1167910","GG"
"rs1778","2","1168407","GA"
"rs3812","2","1168653","GC"
"rs3520","15","1168952","TT"
"rs4981","2","1169389","CT"